<?xml version="1.0" encoding="UTF-8"?>
<project-private xmlns="http://www.netbeans.org/ns/project-private/1">
    <editor-bookmarks xmlns="http://www.netbeans.org/ns/editor-bookmarks/2" lastBookmarkId="0"/>
    <open-files xmlns="http://www.netbeans.org/ns/projectui-open-files/2">
        <group>
            <file>file:/home/samuel/NetBeansProjects/Proyecto1/src/Principal1/Form1.java</file>
            <file>file:/home/samuel/NetBeansProjects/Proyecto1/src/Acciones1/Compilador1.java</file>
            <file>file:/home/samuel/NetBeansProjects/Proyecto1/src/Principal1/sintactico.cup</file>
            <file>file:/home/samuel/NetBeansProjects/Proyecto1/src/Generadores1/AGeneradorSintactico1.java</file>
            <file>file:/home/samuel/NetBeansProjects/Proyecto1/src/Principal1/lexico.flex</file>
            <file>file:/home/samuel/NetBeansProjects/Proyecto1/src/Generadores1/AGeneradorLexico1.java</file>
            <file>file:/home/samuel/NetBeansProjects/Proyecto1/src/Principal1/Lexico.java</file>
            <file>file:/home/samuel/NetBeansProjects/Proyecto1/src/Acciones1/Graficador1.java</file>
        </group>
    </open-files>
</project-private>
